archive,datasetid,run_id,simulation_date,simulation_time,simulation_datetime,tritium_burning_rate,burn_fraction,plant_doubling_time_days,minimum_startup_inventory_g,tritium_in_isotope_separation
IFE/rhino10.aca,1,21-10-46,2026-04-29,21:10:46,2026-04-29T21:10:46,159.1100000000001,0.291,3.9929,110.38662960045585,111.2184584543061
IFE/rhino10.aca,2,21-11-23,2026-04-29,21:11:23,2026-04-29T21:11:23,160.3900000000001,0.076,56.111000000000004,627.331486663031,293.1788956884594
IFE/rhino10.aca,3,21-12-00,2026-04-29,21:12:00,2026-04-29T21:12:00,160.3900000000001,0.119,13.1148,337.7210401345903,204.62406815170698
IFE/rhino10.aca,4,21-12-37,2026-04-29,21:12:37,2026-04-29T21:12:37,160.3900000000001,0.16199999999999998,7.848800000000001,228.8097770871882,163.0798280727165
IFE/rhino10.aca,5,21-13-18,2026-04-29,21:13:18,2026-04-29T21:13:18,160.3900000000001,0.20500000000000002,5.7872,171.01475043754,138.9639033439356
IFE/rhino10.aca,6,21-14-00,2026-04-29,21:14:00,2026-04-29T21:14:00,160.3900000000001,0.248,4.6835,135.35355116374757,123.21075896467448
IFE/rhino10.aca,7,21-14-38,2026-04-29,21:14:38,2026-04-29T21:14:38,160.3900000000001,0.291,3.9929,111.27466231926428,112.11318302737878
IFE/rhino10.aca,8,21-15-15,2026-04-29,21:15:15,2026-04-29T21:15:15,161.6700000000001,0.076,56.111000000000004,632.3379353376993,295.5186237667772
IFE/rhino10.aca,9,21-15-52,2026-04-29,21:15:52,2026-04-29T21:15:52,161.6700000000001,0.119,13.1148,340.41623890866833,206.25708022998055
IFE/rhino10.aca,10,21-16-29,2026-04-29,21:16:29,2026-04-29T21:16:29,161.6700000000001,0.16199999999999998,7.848800000000001,230.63580436243245,164.38129437319145
IFE/rhino10.aca,11,21-17-05,2026-04-29,21:17:05,2026-04-29T21:17:05,161.6700000000001,0.20500000000000002,5.7872,172.37954176217937,140.07291136363972
IFE/rhino10.aca,12,21-17-41,2026-04-29,21:17:41,2026-04-29T21:17:41,161.6700000000001,0.248,4.6835,136.43374659668552,124.19404826871377
IFE/rhino10.aca,13,21-18-16,2026-04-29,21:18:16,2026-04-29T21:18:16,161.6700000000001,0.291,3.9929,112.16269503807925,113.00790760045139
IFE/rhino10.aca,14,21-18-51,2026-04-29,21:18:51,2026-04-29T21:18:51,162.9500000000001,0.076,56.111000000000004,637.3443840123437,297.85835184509506
IFE/rhino10.aca,15,21-19-27,2026-04-29,21:19:27,2026-04-29T21:19:27,162.9500000000001,0.119,13.1148,343.1114376827136,207.89009230824524
IFE/rhino10.aca,16,21-20-02,2026-04-29,21:20:02,2026-04-29T21:20:02,162.9500000000001,0.16199999999999998,7.848800000000001,232.46183163766145,165.68276067366645
IFE/rhino10.aca,17,21-20-39,2026-04-29,21:20:39,2026-04-29T21:20:39,162.9500000000001,0.20500000000000002,5.7872,173.7443330868329,141.18191938334382
IFE/rhino10.aca,18,21-21-16,2026-04-29,21:21:16,2026-04-29T21:21:16,162.9500000000001,0.248,4.6835,137.5139420296502,125.17733757275306
IFE/rhino10.aca,19,21-21-53,2026-04-29,21:21:53,2026-04-29T21:21:53,162.9500000000001,0.291,3.9929,113.05072775686149,113.90263217352404
IFE/rhino10.aca,20,21-22-29,2026-04-29,21:22:29,2026-04-29T21:22:29,164.2300000000001,0.076,56.111000000000004,642.3508326872237,300.19807992341293
IFE/rhino10.aca,21,21-23-05,2026-04-29,21:23:05,2026-04-29T21:23:05,164.2300000000001,0.119,13.1148,345.80663645665845,209.52310438651875
IFE/rhino10.aca,22,21-23-43,2026-04-29,21:23:43,2026-04-29T21:23:43,164.2300000000001,0.16199999999999998,7.848800000000001,234.28785891279222,166.98422697414148
IFE/rhino10.aca,23,21-24-20,2026-04-29,21:24:20,2026-04-29T21:24:20,164.2300000000001,0.20500000000000002,5.7872,175.10912441149793,142.29092740304793
IFE/rhino10.aca,24,21-24-58,2026-04-29,21:24:58,2026-04-29T21:24:58,164.2300000000001,0.248,4.6835,138.59413746257124,126.16062687679232
IFE/rhino10.aca,25,21-25-35,2026-04-29,21:25:35,2026-04-29T21:25:35,164.2300000000001,0.291,3.9929,113.93876047568138,114.79735674659669
IFE/rhino10.aca,26,21-26-11,2026-04-29,21:26:11,2026-04-29T21:26:11,165.5100000000001,0.076,56.111000000000004,647.3572813619073,302.5378080017308
IFE/rhino10.aca,27,21-26-46,2026-04-29,21:26:46,2026-04-29T21:26:46,165.5100000000001,0.119,13.1148,348.5018352308587,211.15611646479235
IFE/rhino10.aca,28,21-27-23,2026-04-29,21:27:23,2026-04-29T21:27:23,165.5100000000001,0.16199999999999998,7.848800000000001,236.1138861880223,168.28569327461645
IFE/rhino10.aca,29,21-27-59,2026-04-29,21:27:59,2026-04-29T21:27:59,165.5100000000001,0.20500000000000002,5.7872,176.47391573609858,143.3999354227521
IFE/rhino10.aca,30,21-28-35,2026-04-29,21:28:35,2026-04-29T21:28:35,165.5100000000001,0.248,4.6835,139.67433289553483,127.14391618083161
IFE/rhino10.aca,31,21-29-11,2026-04-29,21:29:11,2026-04-29T21:29:11,165.5100000000001,0.291,3.9929,114.82679319447234,115.69208131966934
IFE/rhino10.aca,32,21-29-47,2026-04-29,21:29:47,2026-04-29T21:29:47,166.7900000000001,0.076,56.111000000000004,652.3637300362876,304.8775360800486
IFE/rhino10.aca,33,21-30-23,2026-04-29,21:30:23,2026-04-29T21:30:23,166.7900000000001,0.119,13.1148,351.1970340048374,212.78912854306589
IFE/rhino10.aca,34,21-31-00,2026-04-29,21:31:00,2026-04-29T21:31:00,166.7900000000001,0.16199999999999998,7.848800000000001,237.93991346330367,169.5871595750915
IFE/rhino10.aca,35,21-31-36,2026-04-29,21:31:36,2026-04-29T21:31:36,166.7900000000001,0.20500000000000002,5.7872,177.83870706075976,144.50894344245623
IFE/rhino10.aca,36,21-32-12,2026-04-29,21:32:12,2026-04-29T21:32:12,166.7900000000001,0.248,4.6835,140.75452832848424,128.12720548485316
IFE/rhino10.aca,37,21-32-47,2026-04-29,21:32:47,2026-04-29T21:32:47,166.7900000000001,0.291,3.9929,115.7148259132775,116.58680589274148
IFE/rhino10.aca,38,21-33-23,2026-04-29,21:33:23,2026-04-29T21:33:23,168.0700000000001,0.076,56.111000000000004,657.3701787110891,307.21726415836633
IFE/rhino10.aca,39,21-33-58,2026-04-29,21:33:58,2026-04-29T21:33:58,168.0700000000001,0.119,13.1148,353.8922327789329,214.4221406213394
IFE/rhino10.aca,40,21-34-35,2026-04-29,21:34:35,2026-04-29T21:34:35,168.0700000000001,0.16199999999999998,7.848800000000001,239.76594073849773,170.88862587556645
IFE/rhino10.aca,41,21-35-11,2026-04-29,21:35:11,2026-04-29T21:35:11,168.0700000000001,0.20500000000000002,5.7872,179.2034983854346,145.61795146216036
IFE/rhino10.aca,42,21-35-46,2026-04-29,21:35:46,2026-04-29T21:35:46,168.0700000000001,0.248,4.6835,141.834723761408,129.11049478889242
IFE/rhino10.aca,43,21-36-22,2026-04-29,21:36:22,2026-04-29T21:36:22,168.0700000000001,0.291,3.9929,116.60285863209083,117.4815304658141
IFE/rhino10.aca,44,21-36-58,2026-04-29,21:36:58,2026-04-29T21:36:58,169.3500000000001,0.076,56.111000000000004,662.3766273859386,309.5569922366843
IFE/rhino10.aca,45,21-37-33,2026-04-29,21:37:33,2026-04-29T21:37:33,169.3500000000001,0.119,13.1148,356.5874315529683,216.05515269961296
IFE/rhino10.aca,46,21-38-10,2026-04-29,21:38:10,2026-04-29T21:38:10,169.3500000000001,0.16199999999999998,7.848800000000001,241.59196801369725,172.19009217604125
IFE/rhino10.aca,47,21-38-47,2026-04-29,21:38:47,2026-04-29T21:38:47,169.3500000000001,0.20500000000000002,5.7872,180.56828971006797,146.72695948186453
IFE/rhino10.aca,48,21-39-23,2026-04-29,21:39:23,2026-04-29T21:39:23,169.3500000000001,0.248,4.6835,142.91491919434594,130.0937840929318
IFE/rhino10.aca,49,21-40-00,2026-04-29,21:40:00,2026-04-29T21:40:00,169.3500000000001,0.291,3.9929,117.49089135087088,118.37625503888682
IFE/rhino10.aca,50,21-40-35,2026-04-29,21:40:35,2026-04-29T21:40:35,170.6300000000001,0.076,56.111000000000004,667.3830760602228,311.8967203150022
IFE/rhino10.aca,51,21-41-12,2026-04-29,21:41:12,2026-04-29T21:41:12,170.6300000000001,0.119,13.1148,359.2826303271402,217.68816477788653
IFE/rhino10.aca,52,21-41-49,2026-04-29,21:41:49,2026-04-29T21:41:49,170.6300000000001,0.16199999999999998,7.848800000000001,243.41799528890223,173.49155847651622
IFE/rhino10.aca,53,21-42-25,2026-04-29,21:42:25,2026-04-29T21:42:25,170.6300000000001,0.20500000000000002,5.7872,181.93308103468934,147.83596750156863
IFE/rhino10.aca,54,21-43-02,2026-04-29,21:43:02,2026-04-29T21:43:02,170.6300000000001,0.248,4.6835,143.9951146273019,131.0770733969666
IFE/rhino10.aca,55,21-43-38,2026-04-29,21:43:38,2026-04-29T21:43:38,170.6300000000001,0.291,3.9929,118.37892406968203,119.27097961195945
IFE/rhino10.aca,56,21-44-13,2026-04-29,21:44:13,2026-04-29T21:44:13,171.9100000000001,0.076,56.111000000000004,672.3895247351247,314.23644839331996
IFE/rhino10.aca,57,21-44-48,2026-04-29,21:44:48,2026-04-29T21:44:48,171.9100000000001,0.119,13.1148,361.97782910113744,219.3211768561601
IFE/rhino10.aca,58,21-45-25,2026-04-29,21:45:25,2026-04-29T21:45:25,171.9100000000001,0.16199999999999998,7.848800000000001,245.2440225640592,174.79302477699113
IFE/rhino10.aca,59,21-46-01,2026-04-29,21:46:01,2026-04-29T21:46:01,171.9100000000001,0.20500000000000002,5.7872,183.29787235933145,148.9449755212727
IFE/rhino10.aca,60,21-46-36,2026-04-29,21:46:36,2026-04-29T21:46:36,171.9100000000001,0.248,4.6835,145.07531006024692,132.0603627010059
IFE/rhino10.aca,61,21-47-13,2026-04-29,21:47:13,2026-04-29T21:47:13,171.9100000000001,0.291,3.9929,119.26695678847682,120.16570418503207
IFE/rhino10.aca,62,21-47-49,2026-04-29,21:47:49,2026-04-29T21:47:49,173.1900000000001,0.076,56.111000000000004,677.3959734098323,316.5761764716377
IFE/rhino10.aca,63,21-48-26,2026-04-29,21:48:26,2026-04-29T21:48:26,173.1900000000001,0.119,13.1148,364.67302787520896,220.95418893443363
IFE/rhino10.aca,64,21-49-02,2026-04-29,21:49:02,2026-04-29T21:49:02,173.1900000000001,0.16199999999999998,7.848800000000001,247.07004983931657,176.09449107746613
IFE/rhino10.aca,65,21-49-37,2026-04-29,21:49:37,2026-04-29T21:49:37,173.1900000000001,0.20500000000000002,5.7872,184.6626636840292,150.05398354097684
IFE/rhino10.aca,66,21-50-14,2026-04-29,21:50:14,2026-04-29T21:50:14,173.1900000000001,0.248,4.6835,146.1555054931827,133.04365200504515
IFE/rhino10.aca,67,21-50-51,2026-04-29,21:50:51,2026-04-29T21:50:51,173.1900000000001,0.291,3.9929,120.15498950727597,121.06042875810468
IFE/rhino10.aca,68,21-51-28,2026-04-29,21:51:28,2026-04-29T21:51:28,174.4700000000001,0.076,56.111000000000004,682.402422084457,318.91590454995367
IFE/rhino10.aca,69,21-52-06,2026-04-29,21:52:06,2026-04-29T21:52:06,174.4700000000001,0.119,13.1148,367.3682266491669,222.58720101270723
IFE/rhino10.aca,70,21-52-43,2026-04-29,21:52:43,2026-04-29T21:52:43,174.4700000000001,0.16199999999999998,7.848800000000001,248.89607711458046,177.39595737794116
IFE/rhino10.aca,71,21-53-20,2026-04-29,21:53:20,2026-04-29T21:53:20,174.4700000000001,0.20500000000000002,5.7872,186.0274550086724,151.162991560681
IFE/rhino10.aca,72,21-53-56,2026-04-29,21:53:56,2026-04-29T21:53:56,174.4700000000001,0.248,4.6835,147.23570092611027,134.02694130908444
IFE/rhino10.aca,73,21-54-33,2026-04-29,21:54:33,2026-04-29T21:54:33,174.4700000000001,0.291,3.9929,121.04302222611277,121.95515333117737
IFE/rhino10.aca,74,21-55-09,2026-04-29,21:55:09,2026-04-29T21:55:09,175.7500000000001,0.076,56.111000000000004,687.4088707592018,321.2556326282714
IFE/rhino10.aca,75,21-55-44,2026-04-29,21:55:44,2026-04-29T21:55:44,175.7500000000001,0.119,13.1148,370.06342542333334,224.2202130909808
IFE/rhino10.aca,76,21-56-22,2026-04-29,21:56:22,2026-04-29T21:56:22,175.7500000000001,0.16199999999999998,7.848800000000001,250.72210438977018,178.69742367841621
IFE/rhino10.aca,77,21-56-57,2026-04-29,21:56:57,2026-04-29T21:56:57,175.7500000000001,0.20500000000000002,5.7872,187.3922463332714,152.27199958038517
IFE/rhino10.aca,78,21-57-33,2026-04-29,21:57:33,2026-04-29T21:57:33,175.7500000000001,0.248,4.6835,148.31589635904712,135.01023061312378
IFE/rhino10.aca,79,21-58-10,2026-04-29,21:58:10,2026-04-29T21:58:10,175.7500000000001,0.291,3.9929,121.93105494488191,122.84987790425004
IFE/rhino10.aca,80,21-58-47,2026-04-29,21:58:47,2026-04-29T21:58:47,177.03000000000011,0.076,56.111000000000004,692.4153194337545,323.5953607065893
